,City,Lat,Lng,Max Temp,Humidity,Cloudiness,Wind Speed,Country,Date
0,Bredasdorp,-34.53,20.04,42.8,87,15,3.36,ZA,1595809364
1,Norman Wells,65.28,-126.83,71.6,46,75,19.46,CA,1595809365
2,Moen,69.13,18.61,46.4,93,8,19.46,NO,1595809348
3,Saint Simons,31.14,-81.39,86.0,74,20,5.82,US,1595809366
4,Coquimbo,-29.95,-71.34,53.6,81,64,2.24,CL,1595809366
5,Ribeira Grande,38.52,-28.7,73.27,90,40,4.97,PT,1595809367
6,Port Alfred,-33.59,26.89,57.24,67,67,8.28,ZA,1595809110
7,Mataura,-46.19,168.86,39.0,83,0,3.0,NZ,1595809367
8,Dedza,-14.38,34.33,46.6,89,12,2.8,MW,1595809368
9,Rikitea,-23.12,-134.97,70.32,78,0,20.24,PF,1595809368
10,Yar-Sale,66.83,70.83,48.72,76,16,8.66,RU,1595809369
11,Zhigansk,66.77,123.37,52.2,62,2,11.86,RU,1595809369
12,Curup,-3.47,102.53,67.6,89,63,3.2,ID,1595809370
13,Barrow,71.29,-156.79,46.4,93,90,19.46,US,1595809370
14,East London,-33.02,27.91,59.9,65,91,11.39,ZA,1595809370
15,Ushuaia,-54.8,-68.3,32.0,95,90,23.04,AR,1595809019
16,Tiksi,71.69,128.87,37.36,93,100,10.27,RU,1595809371
17,Sur,22.57,59.53,87.12,62,91,13.02,OM,1595809372
18,Srandakan,-7.94,110.25,74.53,82,28,6.8,ID,1595809372
19,Ixtapa,20.7,-105.2,86.0,74,40,12.75,MX,1595809373
20,Southbridge,42.08,-72.03,82.0,61,36,6.29,US,1595809373
21,Bathsheba,13.22,-59.52,82.4,74,20,12.75,BB,1595809373
22,Busselton,-33.65,115.33,63.0,83,62,20.09,AU,1595809373
23,Aklavik,68.22,-135.01,69.8,56,75,5.82,CA,1595809373
24,Saldanha,-33.01,17.94,48.2,76,0,1.12,ZA,1595809373
25,Port Macquarie,-31.43,152.92,63.0,93,100,9.62,AU,1595809373
26,Pearland,29.56,-95.29,84.99,70,20,14.99,US,1595809149
27,Hermanus,-34.42,19.23,46.0,85,12,1.01,ZA,1595809375
28,Clyde River,70.47,-68.59,44.6,87,75,8.05,CA,1595809375
29,Mahébourg,-20.41,57.7,69.8,77,75,14.99,MU,1595809375
30,Krasnosel'kup,65.7,82.47,50.49,64,42,14.7,RU,1595809375
31,Punta Arenas,-53.15,-70.92,35.6,74,30,16.11,CL,1595809214
32,Thinadhoo,0.53,72.93,82.53,69,100,4.21,MV,1595809376
33,Ngunguru,-35.62,174.5,60.01,39,72,1.99,NZ,1595809376
34,Belle Fourche,44.67,-103.85,81.0,56,1,5.82,US,1595809376
35,Blackwater,-23.58,148.88,61.77,46,5,1.72,AU,1595809377
36,Naze,28.37,129.48,86.0,94,75,10.29,JP,1595809377
37,Bambous Virieux,-20.34,57.76,70.0,77,75,14.99,MU,1595809377
38,Dongsheng,39.82,109.98,71.69,46,0,8.68,CN,1595809377
39,Fortuna,40.6,-124.16,63.0,82,19,1.99,US,1595809377
40,Albany,42.6,-73.97,84.99,54,60,5.61,US,1595809377
41,Qaanaaq,77.48,-69.36,43.47,62,0,3.36,GL,1595809378
42,North Bend,43.41,-124.22,81.0,72,1,10.29,US,1595809379
43,Nouadhibou,20.93,-17.03,69.8,88,0,21.92,MR,1595809379
44,Fredericksburg,38.3,-77.46,91.4,46,1,6.93,US,1595809295
45,Phitsanulok,16.92,100.5,82.4,88,20,4.7,TH,1595809380
46,Ponta Delgada,37.73,-25.67,69.8,88,75,5.82,PT,1595809380
47,Walvis Bay,-22.96,14.51,68.0,37,0,12.75,NA,1595809380
48,San Patricio,19.22,-104.7,87.8,79,75,9.17,MX,1595809381
49,Port Elizabeth,-33.92,25.57,51.8,93,40,5.82,ZA,1595809382
50,Esperance,-33.87,121.9,50.0,93,87,20.8,AU,1595809382
51,Whitehorse,60.72,-135.05,66.2,39,75,14.99,CA,1595809184
52,Lipari,38.47,14.95,75.99,71,0,4.0,IT,1595809383
53,Lavrentiya,65.58,-171.0,63.99,60,94,16.8,RU,1595809383
54,Rawson,-43.3,-65.1,42.39,79,100,8.75,AR,1595809383
55,Plouzané,48.38,-4.62,59.0,93,8,11.41,FR,1595809384
56,Lebu,-37.62,-73.65,49.05,82,88,8.61,CL,1595809384
57,Tilichiki,60.47,166.1,68.13,47,0,4.43,RU,1595809384
58,Ambilobe,-13.2,49.05,67.05,84,100,2.26,MG,1595809384
59,Maţāy,28.42,30.78,77.76,48,0,13.98,EG,1595809386
60,Gainesville,29.65,-82.32,75.2,100,75,2.48,US,1595809337
61,Pevek,69.7,170.31,53.62,68,87,6.26,RU,1595809386
62,Ostrovnoy,68.05,39.51,57.54,81,89,3.13,RU,1595809264
63,Rome,43.21,-75.46,84.2,62,1,6.93,US,1595809387
64,Vaini,-21.2,-175.2,75.2,78,75,10.29,TO,1595809387
65,Hobart,-42.88,147.33,51.01,87,75,5.82,AU,1595809275
66,Viedma,-40.81,-63.0,44.01,87,79,5.01,AR,1595809116
67,Flin Flon,54.77,-101.86,71.6,53,75,11.41,CA,1595809387
68,Saint-Philippe,-21.36,55.77,66.2,72,58,5.82,RE,1595809388
69,Cidreira,-30.18,-50.21,58.01,85,100,14.03,BR,1595809100
70,Te Anau,-45.42,167.72,45.39,72,14,1.32,NZ,1595809388
71,Berdigestyakh,62.1,126.7,69.49,57,100,2.01,RU,1595809388
72,Guerrero Negro,27.98,-114.06,74.91,64,0,20.65,MX,1595809388
73,Narsaq,60.92,-46.05,50.0,76,81,5.82,GL,1595809388
74,New Norfolk,-42.78,147.06,48.99,81,100,1.99,AU,1595809388
75,Husavik,66.04,-17.34,44.6,81,90,9.17,IS,1595809389
76,Tuktoyaktuk,69.45,-133.04,68.0,56,75,3.36,CA,1595809389
77,Katsuura,35.13,140.3,86.0,70,75,16.11,JP,1595809389
78,Puerto Ayora,-0.74,-90.35,68.0,89,67,3.0,EC,1595809389
79,Lillooet,50.69,-121.94,98.6,17,1,3.36,CA,1595809389
80,Iqaluit,63.75,-68.51,50.0,87,40,5.82,CA,1595809389
81,Altamont,42.21,-121.74,96.01,14,1,5.82,US,1595809270
82,Pocrí,8.27,-80.55,77.79,88,93,2.53,PA,1595809390
83,Fairbanks,64.84,-147.72,69.8,40,75,4.7,US,1595809258
84,High Level,58.52,-117.14,80.6,36,40,8.05,CA,1595809390
85,Saint Paul Harbor,57.79,-152.41,60.8,72,75,6.93,US,1595809390
86,Umluj,25.02,37.27,86.5,69,79,11.18,SA,1595809390
87,Oussouye,12.48,-16.55,82.4,88,40,4.7,SN,1595809390
88,Nikolskoye,59.7,30.79,55.99,93,1,2.42,RU,1595809391
89,Codrington,-38.27,141.97,52.72,77,58,16.4,AU,1595809391
90,Chui,-33.7,-53.46,47.21,88,92,7.92,UY,1595809391
91,Melk,48.23,15.33,64.0,82,72,1.01,AT,1595809391
92,Gazalkent,41.56,69.77,80.6,39,20,4.7,UZ,1595809391
93,Souillac,-20.52,57.52,69.8,77,75,14.99,MU,1595809391
94,Airai,-8.93,125.41,62.46,68,84,5.32,TL,1595809392
95,Alyangula,-13.85,136.42,77.0,50,80,11.41,AU,1595809392
96,Wenling,28.37,121.36,84.0,56,100,11.05,CN,1595809392
97,Stephenville,32.22,-98.2,89.6,49,75,10.29,US,1595809392
98,Bluff,-46.6,168.33,39.0,83,0,3.0,NZ,1595809392
99,Erenhot,43.65,111.98,72.93,62,83,9.13,CN,1595809393
100,Zhezkazgan,47.8,67.71,68.65,38,52,6.8,KZ,1595809393
101,Avarua,-21.21,-159.78,71.6,88,89,5.82,CK,1595809393
102,Caxias,38.7,-9.28,68.0,72,20,16.11,PT,1595809394
103,Ballina,-28.87,153.57,62.6,55,1,27.51,AU,1595809396
104,Provideniya,64.38,-173.3,51.8,76,75,17.9,RU,1595809396
105,Lorengau,-2.02,147.27,83.07,80,86,8.12,PG,1595809397
106,Doha,25.29,51.53,93.2,63,18,1.12,QA,1595809397
107,Khatanga,71.97,102.5,43.07,74,100,10.02,RU,1595809018
108,Cape Town,-33.93,18.42,53.01,76,0,6.93,ZA,1595809019
109,Byron Bay,-28.65,153.62,62.6,55,10,27.51,AU,1595809397
110,Castro,-24.79,-50.01,55.89,93,98,4.27,BR,1595809358
111,Goderich,43.75,-81.72,84.99,68,99,14.18,CA,1595809397
112,Thompson,55.74,-97.86,62.6,82,75,4.7,CA,1595809398
113,Abonnema,4.71,6.79,75.2,100,75,6.62,NG,1595809398
114,Severo-Kuril'sk,50.68,156.12,52.66,87,99,16.67,RU,1595809398
115,Harlingen,26.19,-97.7,82.99,52,100,17.45,US,1595809335
116,Jamestown,42.1,-79.24,79.0,65,1,5.82,US,1595809398
117,Port Hedland,-20.32,118.57,66.2,17,5,12.75,AU,1595809398
118,Nanortalik,60.14,-45.24,44.38,85,31,3.31,GL,1595809398
119,Sulina,45.16,29.65,70.75,67,59,8.28,RO,1595809399
120,Cherskiy,68.75,161.3,79.47,38,4,15.55,RU,1595809399
121,Arraial do Cabo,-22.97,-42.03,71.6,88,75,9.62,BR,1595809399
122,Stornoway,58.21,-6.39,52.0,87,100,25.28,GB,1595809399
123,Arlit,18.74,7.39,93.54,19,34,8.46,NE,1595809399
124,Xiongzhou,25.12,114.3,84.72,67,97,3.78,CN,1595809399
125,Dalmatovo,56.26,62.94,51.26,78,60,5.61,RU,1595809399
126,Changji,44.02,87.32,78.8,34,63,8.95,CN,1595809400
127,Necochea,-38.55,-58.74,50.0,77,100,5.01,AR,1595809400
128,Saskylakh,71.92,114.08,38.62,94,100,17.29,RU,1595809400
129,Dayong,25.02,118.29,87.8,74,40,6.71,CN,1595809400
130,Paris,48.85,2.35,66.2,68,62,6.93,FR,1595809251
131,Dikson,73.51,80.55,37.94,90,90,14.97,RU,1595809400
132,Mahroni,24.59,78.73,83.53,66,12,8.99,IN,1595809400
133,Clarksdale,34.2,-90.57,82.4,74,44,5.17,US,1595809400
134,Chokurdakh,70.63,147.92,42.78,75,99,13.6,RU,1595809401
135,Arman',59.7,150.17,63.39,57,49,7.58,RU,1595809401
136,Carnarvon,-24.87,113.63,55.4,93,0,5.82,AU,1595809401
137,Samarai,-10.62,150.67,79.68,84,57,9.37,PG,1595809401
138,Barcelos,41.54,-8.62,66.99,87,0,10.29,PT,1595809128
139,Longyearbyen,78.22,15.64,55.4,82,20,10.29,SJ,1595809324
140,Hailar,49.2,119.7,80.47,42,0,10.45,CN,1595809402
141,Cabo San Lucas,22.89,-109.91,89.01,51,5,10.29,MX,1595809402
142,Port-Gentil,-0.72,8.78,75.2,94,75,13.85,GA,1595809403
143,Sayyan,15.17,44.32,61.79,74,100,1.7,YE,1595809404
144,Torbay,47.67,-52.73,57.2,93,90,17.22,CA,1595809407
145,Bo Phloi,14.32,99.52,78.73,81,100,3.2,TH,1595809408
146,El Carmen,8.51,-73.45,70.81,90,82,2.86,CO,1595809408
147,Carutapera,-1.2,-46.02,75.58,91,5,4.85,BR,1595809408
148,Kapaa,22.08,-159.32,84.0,78,90,24.16,US,1595809408
149,Nadvoitsy,63.87,34.32,53.4,90,19,2.98,RU,1595809409
150,Riyadh,24.69,46.72,89.6,35,12,7.43,SA,1595809161
151,Yellowknife,62.46,-114.35,75.99,46,40,12.75,CA,1595809409
152,Māngrol,21.12,70.12,82.65,83,1,8.43,IN,1595809409
153,Novo Aripuanã,-5.12,-60.38,79.38,53,19,0.74,BR,1595809409
154,Alihe,50.57,123.72,70.77,83,74,0.89,CN,1595809409
155,Mar del Plata,-38.0,-57.56,52.0,87,90,9.17,AR,1595809359
156,Guangming,45.33,122.78,82.96,45,35,7.52,CN,1595809410
157,Kruisfontein,-34.0,24.73,52.29,71,73,1.86,ZA,1595809410
158,Yenagoa,4.92,6.26,74.53,93,99,4.85,NG,1595809411
159,Vardø,70.37,31.11,58.73,74,40,12.33,NO,1595809412
160,Soure,-0.72,-48.52,79.63,82,8,8.48,BR,1595809413
161,Half Moon Bay,37.46,-122.43,80.01,82,75,5.82,US,1595809413
162,Marquette,46.53,-87.63,79.0,82,96,1.01,US,1595809413
163,Waipawa,-41.41,175.52,53.01,81,0,4.7,NZ,1595809414
164,Cabedelo,-6.98,-34.83,73.4,94,90,6.93,BR,1595809414
165,Banda Aceh,5.56,95.32,79.38,76,100,6.22,ID,1595809415
166,Margate,51.38,1.39,64.0,82,94,4.0,GB,1595809415
167,Inuvik,68.35,-133.72,69.8,56,75,5.82,CA,1595809416
168,Talnakh,69.49,88.4,48.2,81,75,13.42,RU,1595809416
169,Grindavik,63.84,-22.43,48.2,81,78,11.41,IS,1595809416
170,Bengkulu,-3.8,102.27,74.89,83,74,4.05,ID,1595809417
171,Conceição do Araguaia,-8.26,-49.26,80.6,51,54,2.24,BR,1595809417
172,Sarangani,5.4,125.46,80.13,83,100,12.41,PH,1595809417
173,Chimbote,-9.09,-78.58,60.57,85,2,7.14,PE,1595809417
174,San Cristobal,7.77,-72.22,82.4,65,40,4.7,VE,1595809417
175,Tazovsky,67.47,78.7,47.3,70,95,12.95,RU,1595809417
176,Ust'-Kut,56.79,105.77,63.23,59,99,1.45,RU,1595809417
177,Hasaki,35.73,140.83,84.99,74,75,10.29,JP,1595809418
178,Aswān,24.09,32.91,89.35,13,0,10.51,EG,1595809418
179,Constitución,-35.33,-72.42,51.39,88,100,7.99,CL,1595809418
180,Makkah al Mukarramah,21.43,39.83,86.25,55,39,2.26,SA,1595809418
181,Kuala Terengganu,5.33,103.14,80.6,83,20,5.82,MY,1595809418
182,Minzhu,43.73,127.34,71.67,73,65,6.87,CN,1595809418
183,Hilo,19.73,-155.09,89.6,59,75,18.34,US,1595809418
184,Sinnamary,5.38,-52.95,79.12,85,8,8.79,GF,1595809419
185,Rio Grande,-32.03,-52.1,50.0,85,98,1.01,BR,1595809408
186,Isangel,-19.55,169.27,80.6,65,30,5.82,VU,1595809419
187,Basoko,1.24,23.62,68.95,95,83,3.96,CD,1595809419
188,Valkeala,60.94,26.8,53.6,100,15,4.7,FI,1595809420
189,Norrtälje,59.76,18.7,66.0,65,97,5.99,SE,1595809420
190,Black Diamond,47.31,-122.0,89.01,47,0,1.01,US,1595809420
191,Port Said,31.26,32.28,78.8,83,0,6.93,EG,1595809420
192,Pisco,-13.7,-76.22,62.6,77,75,11.41,PE,1595809159
193,Biak,-0.91,122.88,77.18,80,98,7.94,ID,1595809420
194,Tongling,30.95,117.78,74.21,96,100,4.07,CN,1595809421
195,Iranshahr,27.2,60.68,89.6,46,92,4.36,IR,1595809421
196,San Quintín,30.48,-115.95,72.95,69,3,15.41,MX,1595809421
197,Vila Velha,-20.33,-40.29,69.8,94,75,1.12,BR,1595809421
198,Kavaratti,10.57,72.64,81.28,81,54,11.52,IN,1595809421
199,Umm Hājar,13.3,19.7,82.92,65,99,16.46,TD,1595809421
200,Montrose,38.42,-108.27,89.01,28,1,9.17,US,1595809421
201,Mount Gambier,-37.83,140.77,53.6,66,40,11.41,AU,1595809422
202,Mount Darwin,-16.77,31.58,49.69,75,0,2.53,ZW,1595809422
203,Paamiut,61.99,-49.67,45.86,90,17,1.86,GL,1595809423
204,Phaltan,17.98,74.43,73.38,86,1,4.7,IN,1595809424
205,Solnechnyy,50.72,136.63,62.98,93,100,1.52,RU,1595809424
206,Philadelphia,39.95,-75.16,90.0,40,75,11.41,US,1595809298
207,Chernyshevskiy,63.01,112.47,55.83,65,0,4.29,RU,1595809425
208,Yulara,-25.24,130.99,55.4,54,0,12.75,AU,1595809425
209,Severnoye,56.35,78.36,53.76,90,68,3.09,RU,1595809426
210,Inhambane,-23.86,35.38,63.01,77,0,6.13,MZ,1595809426
211,Sibu,2.3,111.82,75.2,94,40,2.24,MY,1595809427
212,Butaritari,3.07,172.79,83.64,74,22,11.3,KI,1595809019
213,Chicama,-7.84,-79.15,61.66,80,7,6.22,PE,1595809428
214,Shimoda,34.67,138.95,82.4,83,75,11.41,JP,1595809428
215,Ibipeba,-11.64,-42.01,65.28,77,44,8.28,BR,1595809428
216,Ponta do Sol,32.67,-17.1,69.8,68,20,18.34,PT,1595809429
217,Atuona,-9.8,-139.03,80.24,72,3,23.6,PF,1595809430
218,Manaia,-39.55,174.13,54.0,81,5,5.01,NZ,1595809431
219,Puerto Nariño,-3.77,-70.38,73.4,100,75,1.83,CO,1595809431
220,Olinda,-8.01,-34.86,78.8,69,40,13.87,BR,1595809432
221,High Prairie,55.43,-116.49,75.15,54,0,3.58,CA,1595809303
222,Palauig,15.44,119.9,84.74,70,54,1.28,PH,1595809433
223,Saint George,37.1,-113.58,102.99,10,1,11.41,US,1595809371
224,Glendive,47.11,-104.71,84.0,26,1,3.36,US,1595809434
225,Skibbereen,51.55,-9.27,59.0,93,75,12.75,IE,1595809434
226,Valdivia,-39.81,-73.25,44.6,87,4,3.36,CL,1595809434
227,Takoradze,4.88,-1.76,74.14,88,49,8.63,GH,1595809435
228,Touros,-5.2,-35.46,71.6,94,75,2.24,BR,1595809435
229,Lebanon,36.21,-86.29,84.2,74,40,6.93,US,1595809435
230,Pochutla,15.74,-96.47,86.0,66,20,11.41,MX,1595809436
231,Pāthardi,19.17,75.18,74.91,83,37,6.49,IN,1595809436
232,Brownsville,25.9,-97.5,84.2,89,90,14.99,US,1595809436
233,Kaitangata,-46.28,169.85,52.0,61,0,4.0,NZ,1595809437
234,Road Town,18.42,-64.62,86.0,70,20,8.05,VG,1595809272
235,Monrovia,6.3,-10.8,77.0,94,75,4.7,LR,1595809437
236,Sola,-13.88,167.55,82.4,78,90,5.82,VU,1595809437
237,Labuhan,-6.88,112.21,74.23,83,47,10.69,ID,1595809437
238,Karratha,-20.74,116.85,64.53,30,47,14.03,AU,1595809437
239,Taoudenni,22.68,-3.98,100.35,8,3,13.71,ML,1595809437
240,Areni,39.72,45.18,73.4,56,0,4.7,AM,1595809438
241,Jalu,29.03,21.55,77.79,58,0,11.14,LY,1595809438
242,Fonte Boa,-2.5,-66.27,76.55,81,46,1.81,BR,1595809438
243,George Town,5.41,100.34,80.6,94,20,5.7,MY,1595809438
244,Melito di Porto Salvo,37.92,15.77,77.0,88,5,5.82,IT,1595809438
245,Chapais,49.78,-74.85,71.6,88,1,2.24,CA,1595809438
246,Ilulissat,69.22,-51.1,44.6,93,100,3.36,GL,1595809438
247,Challans,46.84,-1.87,57.2,100,0,2.24,FR,1595809439
248,Namatanai,-3.67,152.43,84.76,68,100,6.4,PG,1595809439
249,Wagar,16.15,36.2,79.05,69,73,19.37,SD,1595809439
250,Poum,-20.23,164.02,73.92,78,0,13.02,NC,1595809439
251,Ouallam,14.32,2.09,88.38,53,26,7.31,NE,1595809439
252,Gamba,-2.65,10.0,73.06,84,98,6.33,GA,1595809440
253,Bongandanga,1.5,21.05,68.11,99,82,1.79,CD,1595809440
254,Linqiong,30.42,103.46,81.0,61,0,4.47,CN,1595809440
255,Sitka,57.05,-135.33,55.4,93,90,10.29,US,1595809440
256,Saint-Michel-des-Saints,46.68,-73.92,78.01,8,49,7.47,CA,1595809440
257,Ahipara,-35.17,173.17,56.61,57,0,4.81,NZ,1595809441
258,Pecos,31.42,-103.49,93.2,32,40,13.87,US,1595809441
259,Ayan,56.45,138.17,59.13,74,8,8.77,RU,1595809441
260,Upernavik,72.79,-56.15,44.87,85,87,6.33,GL,1595809418
261,Villarrica,-25.75,-56.43,62.35,62,100,3.27,PY,1595809441
262,Mariehamn,60.1,19.93,64.4,72,96,12.75,AX,1595809441
263,Uwajima,33.22,132.56,80.6,94,75,2.24,JP,1595809441
264,Deputatsky,69.3,139.9,55.13,74,56,5.61,RU,1595809442
265,Ust-Tsilma,65.44,52.15,62.46,61,86,3.71,RU,1595809442
266,Santa Rosa,14.31,121.11,87.01,83,37,3.36,PH,1595809442
267,Chemainus,48.92,-123.72,86.0,33,5,9.17,CA,1595809442
268,Vestmannaeyjar,63.44,-20.27,51.69,87,100,4.92,IS,1595809442
269,Whitianga,-36.83,175.7,55.65,61,70,5.5,NZ,1595809443
270,Tomatlán,19.93,-105.25,81.7,76,86,3.4,MX,1595809443
271,Haverfordwest,51.8,-4.97,62.01,100,100,26.4,GB,1595809443
272,Xuanwu,32.07,118.81,78.01,90,100,1.66,CN,1595809443
273,Laibin,23.7,109.27,81.54,76,100,7.25,CN,1595809443
274,Hundested,55.97,11.87,59.0,100,0,15.43,DK,1595809443
275,Waddān,29.16,16.14,74.64,44,0,1.19,LY,1595809443
276,Marsh Harbour,26.54,-77.06,83.35,78,73,11.14,BS,1595809443
277,Pangnirtung,66.15,-65.71,53.4,65,100,3.27,CA,1595809444
278,Sabang,5.89,95.32,82.04,74,100,7.16,ID,1595809444
279,Muzhi,65.37,64.67,52.74,78,59,3.29,RU,1595809445
280,Province of Trapani,37.83,12.67,75.0,78,0,2.24,IT,1595809446
281,Klaksvík,62.23,-6.59,48.2,93,100,13.87,FO,1595809019
282,Buraidah,26.33,43.98,93.2,34,0,5.82,SA,1595809447
283,Geraldton,-28.77,114.6,55.4,66,0,14.99,AU,1595809447
284,Cap Malheureux,-19.98,57.61,70.0,70,100,8.99,MU,1595809447
285,Oranjemund,-28.55,16.43,56.23,83,0,13.82,NA,1595809448
286,Kirkwall,58.98,-2.96,50.0,92,16,7.0,GB,1595809448
287,Obigarm,38.72,69.71,66.02,42,37,5.01,TJ,1595809449
288,Oistins,13.07,-59.53,82.4,74,20,12.75,BB,1595809433
289,Kudahuvadhoo,2.67,72.89,82.33,70,72,5.19,MV,1595809449
290,Dzilam González,21.28,-88.93,85.96,68,100,7.58,MX,1595809449
291,Diffa,13.32,12.61,78.26,68,97,14.12,NE,1595809449
292,Haisyn,48.81,29.39,63.77,92,99,10.09,UA,1595809449
293,Peterhead,57.51,-1.8,50.0,76,18,8.05,GB,1595809449
294,Tongzi,28.78,105.09,75.69,90,0,0.69,CN,1595809449
295,Skjervøy,70.03,20.97,55.65,80,12,14.58,NO,1595809450
296,Pestovo,58.59,35.8,55.35,96,11,2.01,RU,1595809450
297,Meulaboh,4.14,96.13,75.61,87,100,5.73,ID,1595809450
298,Zhangjiakou,40.81,114.88,66.27,79,85,7.36,CN,1595809450
299,Pocatello,42.87,-112.45,91.4,14,20,4.7,US,1595809450
300,Vostok,46.49,135.88,75.69,59,0,1.68,RU,1595809451
301,Río Gallegos,-51.62,-69.22,30.2,86,31,18.34,AR,1595809451
302,Balkanabat,39.51,54.37,90.37,32,0,2.59,TM,1595809451
303,Clarence Town,-32.58,151.78,60.8,82,90,23.04,AU,1595809451
304,Northam,51.03,-4.22,60.01,96,100,5.99,GB,1595809451
305,Panacan,9.25,118.41,83.66,66,98,2.28,PH,1595809451
306,Gaozhou,21.94,110.85,84.38,79,96,7.72,CN,1595809452
307,Bone,51.97,12.14,61.0,96,70,4.03,DE,1595809452
308,Bonthe,7.53,-12.51,76.01,79,100,11.41,SL,1595809452
309,Laguna,38.42,-121.42,97.0,20,1,9.17,US,1595809452
310,Arvika,59.66,12.59,60.01,100,100,5.82,SE,1595809452
311,Kununurra,-15.77,128.73,71.6,24,19,8.05,AU,1595809452
312,Tishchenskoye,45.46,41.67,69.8,56,11,11.18,RU,1595809452
313,General Pico,-35.66,-63.76,51.08,49,85,4.74,AR,1595809452
314,Zapolyarnyy,69.42,30.81,59.0,77,2,12.75,RU,1595809452
315,Vagay,57.94,69.02,52.23,89,20,3.83,RU,1595809453
316,Leh,34.17,77.58,60.48,46,7,5.08,IN,1595809453
317,Kampot,10.62,104.18,80.6,88,20,2.24,KH,1595809453
318,Blagoyevo,63.37,47.92,57.45,82,27,1.23,RU,1595809265
319,Alugan,12.22,125.48,82.87,77,26,1.97,PH,1595809453
320,Saint-François,46.42,3.91,60.01,87,13,3.36,FR,1595809454
321,Hong Kong,22.29,114.16,84.0,83,34,11.99,HK,1595809300
322,Coahuayana Viejo,18.73,-103.68,75.2,88,75,3.29,MX,1595809454
323,Bria,6.54,21.99,66.47,96,91,1.79,CF,1595809454
324,Salalah,17.02,54.09,78.8,94,75,2.24,OM,1595809454
325,Hirara,24.8,125.28,86.0,74,75,13.87,JP,1595809454
326,Shevchenko,48.5,35.0,71.6,53,87,8.95,UA,1595809454
327,Flinders,-34.58,150.86,61.0,87,100,10.0,AU,1595809454
328,Gejiu,23.31,103.16,57.69,97,99,5.55,CN,1595809454
329,Santo Tomas,14.11,121.14,87.01,83,10,3.36,PH,1595809455
330,Pangkalanbuun,-2.68,111.62,75.7,86,50,3.38,ID,1595809455
331,Nsanje,-16.92,35.26,59.02,89,8,1.41,MW,1595809455
332,Novy Urengoy,66.08,76.63,50.38,67,49,12.3,RU,1595809445
333,Khanpur,28.65,70.66,94.26,44,13,11.21,PK,1595809455
334,Acaraú,-2.89,-40.12,77.0,78,34,13.94,BR,1595809455
335,Nísia Floresta,-6.09,-35.21,73.4,88,40,8.05,BR,1595809456
336,Mehamn,71.04,27.85,59.23,69,3,8.48,NO,1595809019
337,Nhulunbuy,-12.23,136.77,80.6,47,99,20.8,AU,1595809456
338,Vavatenina,-17.47,49.2,61.79,92,84,3.47,MG,1595809456
339,Nuevo Progreso,23.17,-97.95,86.0,64,100,10.0,MX,1595809456
340,Tabou,4.42,-7.35,75.52,80,84,9.78,CI,1595809456
341,Lucea,18.45,-78.17,86.0,74,20,6.93,JM,1595809457
342,Paramonga,-10.67,-77.83,60.04,85,7,5.86,PE,1595809457
343,Bintulu,3.17,113.03,77.0,100,40,4.7,MY,1595809457
344,Taku,39.02,117.65,75.2,83,80,4.47,CN,1595809457
345,Tasiilaq,65.61,-37.64,42.8,87,77,5.82,GL,1595809457
346,Tual,-5.67,132.75,79.18,83,81,25.5,ID,1595809457
347,Denizli Province,37.84,29.07,71.6,53,0,5.82,TR,1595809457
348,Buchanan,5.88,-10.05,77.0,94,75,4.7,LR,1595809457
349,Erzin,36.96,36.2,79.0,88,0,1.1,TR,1595809458
350,Hoa Binh,20.81,105.34,82.4,74,40,3.36,VN,1595809458
351,Rocha,-34.48,-54.33,45.18,90,69,6.71,UY,1595809458
352,Agüimes,27.91,-15.45,72.0,73,75,28.86,ES,1595809458
353,Najrān,17.49,44.13,73.4,83,40,14.99,SA,1595809458
354,Peniche,39.36,-9.38,64.0,91,0,13.0,PT,1595809458
355,Nizwá,22.93,57.53,83.82,57,90,1.03,OM,1595809459
356,Soyo,-6.13,12.37,71.78,86,1,7.72,AO,1595809459
357,Osmanabad,18.17,76.05,72.36,89,21,8.23,IN,1595809459
358,Kasempa,-13.46,25.83,49.42,74,0,6.58,ZM,1595809459
359,Palmer,42.16,-72.33,87.8,43,75,8.05,US,1595809459
360,Xinzhou,38.41,112.73,68.32,78,57,0.74,CN,1595809459
361,São João da Barra,-21.64,-41.05,72.54,87,32,12.28,BR,1595809459
362,Buluang,13.31,123.34,84.92,72,9,1.43,PH,1595809460
363,Anadyr,64.75,177.48,71.6,68,37,11.18,RU,1595809460
364,Coyhaique,-45.58,-72.07,33.8,64,40,3.36,CL,1595809460
365,Kalispell,48.2,-114.31,84.2,20,1,3.36,US,1595809460
366,Marsaxlokk,35.84,14.54,78.01,88,0,3.36,MT,1595809460
367,Bambanglipuro,-7.95,110.28,74.53,82,28,7.23,ID,1595809460
368,Skovorodino,53.98,123.92,68.47,88,100,8.48,RU,1595809460
369,Ancud,-41.87,-73.82,41.0,93,20,2.24,CL,1595809461
370,Bethel,41.37,-73.41,82.0,57,1,5.82,US,1595809461
371,Florida,28.75,-82.5,82.4,65,1,7.81,US,1595809461
372,Wanlaweyn,2.62,44.89,74.77,83,15,14.36,SO,1595809461
373,Shelburne,44.08,-80.2,84.2,62,1,6.93,CA,1595809461
374,Charter Township of Clinton,42.59,-82.92,91.4,49,75,9.17,US,1595809189
375,Talisay City,10.24,123.85,80.6,88,75,1.92,PH,1595809462
376,Omboué,-1.57,9.26,73.6,84,58,7.99,GA,1595809462
377,Uyuni,-20.46,-66.83,39.16,42,0,8.41,BO,1595809462
378,Banyuwangi,-8.23,114.36,75.52,81,75,4.52,ID,1595809462
379,Linxi,39.7,118.43,72.28,74,83,5.03,CN,1595809462
380,Maku,39.29,44.45,73.51,25,0,4.56,IR,1595809462
381,Holme,56.11,10.17,57.2,93,3,3.36,DK,1595809462
382,Kahului,20.89,-156.47,80.6,78,90,9.17,US,1595809463
383,Kibara,-2.15,33.45,70.0,52,0,3.83,TZ,1595809463
384,Beringovskiy,63.05,179.32,68.47,61,63,5.53,RU,1595809463
385,Katobu,-4.94,122.53,78.64,77,78,5.77,ID,1595809463
386,Verkhnyaya Inta,65.98,60.31,50.22,80,3,5.86,RU,1595809463
387,Illapel,-31.63,-71.17,56.05,54,100,1.61,CL,1595809463
388,Chernigovka,44.34,132.57,73.4,75,4,3.13,RU,1595809464
389,Pimenta Bueno,-11.67,-61.19,77.41,43,1,3.27,BR,1595809464
390,Mount Isa,-20.73,139.5,66.2,29,0,16.11,AU,1595809464
391,Tandaltī,13.02,31.87,80.22,71,74,12.17,SD,1595809464
392,Kalmunai,7.42,81.82,79.32,80,100,4.83,LK,1595809465
393,Olafsvik,64.89,-23.71,47.77,72,72,11.18,IS,1595809465
394,Hirado,33.36,129.55,78.01,94,75,9.17,JP,1595809409
395,Brae,60.4,-1.35,53.6,87,36,9.17,GB,1595809465
396,Konëvo,62.12,39.32,53.37,90,11,1.72,RU,1595809465
397,The Valley,18.22,-63.06,84.2,70,40,9.17,AI,1595809194
398,Abu Samrah,35.3,37.18,73.49,43,0,1.83,SY,1595809465
399,Mana,5.66,-53.78,78.91,85,6,9.13,GF,1595809466
400,Schwerin,53.63,11.41,55.99,95,49,3.96,DE,1595809466
401,Comodoro Rivadavia,-45.87,-67.5,33.8,74,40,8.05,AR,1595809466
402,Ranst,51.19,4.57,64.0,63,99,4.7,BE,1595809466
403,La Ronge,55.1,-105.28,73.4,53,40,13.87,CA,1595809466
404,Broken Hill,-31.95,141.43,51.8,81,90,19.46,AU,1595809466
405,Bandar-e Lengeh,26.56,54.88,93.2,79,58,8.14,IR,1595809466
406,Tommot,58.96,126.29,73.45,61,82,3.09,RU,1595809467
407,Władysławowo,54.79,18.4,64.0,93,99,5.82,PL,1595809467
408,Itarema,-2.92,-39.92,76.98,80,63,13.18,BR,1595809467
409,Dolinsk,47.35,142.8,64.4,72,40,4.47,RU,1595809467
410,Portel,-1.94,-50.82,79.05,70,41,1.81,BR,1595809467
411,Bonoua,5.27,-3.6,75.2,94,20,3.36,CI,1595809468
412,Noumea,-22.28,166.46,80.6,54,1,9.17,NC,1595809438
413,Hithadhoo,-0.6,73.08,82.4,67,97,5.57,MV,1595809468
414,Mardin,37.31,40.74,82.4,21,0,9.17,TR,1595809468
415,Makakilo City,21.35,-158.09,87.8,55,75,12.75,US,1595809254
416,Davila,18.47,120.58,78.8,88,20,3.36,PH,1595809468
417,Xi'an,34.26,108.93,79.0,94,90,6.71,CN,1595809468
418,Nuuk,64.18,-51.72,51.8,76,67,5.82,GL,1595809468
419,Ishigaki,24.34,124.16,87.8,79,75,13.87,JP,1595809469
420,Atbasar,51.8,68.33,56.43,91,56,7.56,KZ,1595809469
421,Yaan,7.38,8.57,72.7,94,90,7.87,NG,1595809469
422,Mbuji-Mayi,-6.15,23.6,68.83,32,0,3.76,CD,1595809469
423,Lakes Entrance,-37.88,147.98,53.01,98,100,6.55,AU,1595809469
424,Fort Saint James,54.43,-124.25,82.0,30,0,6.31,CA,1595809469
425,Tautira,-17.73,-149.15,84.2,70,75,12.75,PF,1595809470
426,Avera,33.19,-82.53,86.0,70,1,4.7,US,1595809470
427,Columbus,39.96,-83.0,89.01,45,20,9.17,US,1595809201
428,Conde,-7.26,-34.91,73.4,94,90,6.93,BR,1595809470
429,Bemidji,47.47,-94.88,75.2,47,1,17.22,US,1595809470
430,Mugur-Aksy,50.35,90.5,52.83,57,5,3.06,RU,1595809471
431,Kawalu,-7.38,108.21,70.86,89,88,1.57,ID,1595809471
432,Hudson Bay,52.85,-102.38,70.12,66,50,7.49,CA,1595809472
433,São Filipe,14.9,-24.5,76.44,83,86,7.99,CV,1595809472
434,Yanam,16.73,82.22,80.24,84,44,4.41,IN,1595809473
435,Caravelas,-17.71,-39.25,70.61,85,14,5.19,BR,1595809474
436,Yatou,37.15,122.38,72.7,74,96,2.89,CN,1595809475
437,Morón,-34.65,-58.62,55.99,59,7,6.58,AR,1595809476
438,Dingle,11.0,122.67,81.75,78,32,2.73,PH,1595809476
439,Mahon,39.89,4.27,75.2,78,0,3.36,ES,1595809477
440,Chamrajnagar,11.92,76.95,68.36,93,91,3.94,IN,1595809477
441,Palu,-0.89,119.87,79.65,72,48,2.51,ID,1595809220
442,Svitavy,49.76,16.47,57.99,38,67,3.71,CZ,1595809479
443,Broome,42.25,-75.83,82.0,57,1,4.7,US,1595809480
444,Keffi,8.85,7.87,72.66,93,83,8.34,NG,1595809481
445,Mossamedes,-15.2,12.15,66.99,74,3,4.23,AO,1595809482
446,Yangi Marg`ilon,40.43,71.72,73.4,56,75,6.93,UZ,1595809483
447,Santa Luzia,-19.77,-43.85,69.8,68,2,5.82,BR,1595809483
448,Mayo,38.89,-76.51,87.01,58,1,3.38,US,1595809483
449,Darhan,49.49,105.92,64.83,79,33,3.33,MN,1595809483
450,Nieuw Nickerie,5.95,-56.98,80.64,81,13,10.87,SR,1595809483
451,Kavieng,-2.57,150.8,83.57,74,100,8.14,PG,1595809483
452,Baghdad,33.34,44.4,95.0,28,0,2.24,IQ,1595809483
453,Progreso,21.28,-89.67,100.4,45,75,6.93,MX,1595809484
454,Vao,-22.67,167.48,71.44,82,13,20.04,NC,1595809484
455,Tezu,27.92,96.17,78.33,74,51,1.83,IN,1595809484
456,Rāwah,34.48,41.91,88.88,17,8,4.94,IQ,1595809484
457,Kathu,7.92,98.33,82.99,100,20,2.24,TH,1595809484
458,Petlāwad,23.0,74.8,76.91,88,2,7.99,IN,1595809484
459,Moussoro,13.64,16.49,83.26,65,17,17.18,TD,1595809484
460,Constantine,36.37,6.61,78.8,36,0,4.7,DZ,1595809321
461,Lucapa,-8.42,20.74,64.0,34,0,5.01,AO,1595809485
462,Bodaybo,57.85,114.19,61.75,86,100,2.37,RU,1595809485
463,Rongcheng,30.63,117.85,81.0,99,100,2.28,CN,1595809485
464,Bilma,18.69,12.92,92.88,17,15,12.3,NE,1595809485
465,Kropotkin,45.44,40.58,69.37,62,1,11.86,RU,1595809485
466,Vestmanna,62.16,-7.17,48.2,93,100,13.87,FO,1595809485
467,Beausejour,50.06,-96.52,77.0,53,40,12.75,CA,1595809485
468,Denpasar,-8.65,115.22,78.8,100,40,13.87,ID,1595809304
469,Kjøllefjord,70.95,27.35,59.04,70,3,9.48,NO,1595809486
470,Port Hardy,50.7,-127.42,68.0,68,20,9.17,CA,1595809486
471,Micheweni,-4.97,39.83,75.76,81,28,15.12,TZ,1595809486
472,Barnāla,30.38,75.55,86.54,58,4,1.9,IN,1595809487
473,Nemuro,43.32,145.57,57.2,93,75,1.12,JP,1595809487
474,Maridi,4.92,29.47,65.86,97,77,3.58,SS,1595809488
475,Ileza,61.05,43.9,54.5,94,43,1.28,RU,1595809488
476,Haines Junction,60.75,-137.51,58.44,48,18,15.66,CA,1595809488
477,Sisimiut,66.94,-53.67,46.18,88,100,7.25,GL,1595809488
478,Arrondissement de Millau,44.08,2.92,64.99,82,0,2.24,FR,1595809488
479,Husainābād,24.53,84.02,83.19,70,93,5.84,IN,1595809488
480,Verkhoyansk,67.54,133.38,70.16,37,52,15.01,RU,1595809489
481,Guarapari,-20.67,-40.5,69.8,94,75,1.12,BR,1595809490
482,Ust-Maya,60.42,134.53,70.68,75,55,1.45,RU,1595809490
483,Ha Tinh,18.33,105.9,84.2,68,100,2.89,VN,1595809431
484,Wau,7.7,28.0,68.74,97,57,4.32,SS,1595809491
485,Chibombo,-14.66,28.07,47.35,79,0,3.31,ZM,1595809492
486,Tafresh,34.69,50.01,70.57,29,68,0.13,IR,1595809492
487,Feldkirchen an der Donau,48.35,14.05,63.0,100,40,5.82,AT,1595809493
488,Ballarat,-37.57,143.85,46.99,90,69,5.99,AU,1595809344
489,Waingapu,-9.66,120.26,77.5,70,85,15.86,ID,1595809254
490,Gigmoto,13.78,124.39,84.34,73,71,1.61,PH,1595809495
491,Montefiascone,42.54,12.04,71.01,60,9,1.99,IT,1595809496
492,Abhar,36.15,49.22,75.56,20,9,7.47,IR,1595809496
493,Portland,45.52,-122.68,100.4,13,1,12.75,US,1595809379
494,Balikpapan,-1.27,116.83,76.46,88,80,6.89,ID,1595809496
495,Nicoya,10.15,-85.45,82.4,83,60,8.05,CR,1595809497
496,General Roca,-39.03,-67.58,46.4,61,0,9.17,AR,1595809498
497,Konosha,60.97,40.26,51.73,90,7,1.01,RU,1595809498
498,Araouane,18.9,-3.53,98.33,29,64,8.88,ML,1595809499
499,Batagay-Alyta,67.8,130.41,63.05,38,97,11.83,RU,1595809499
500,San Blas,21.52,-105.27,71.6,94,90,5.82,MX,1595809499
501,Wuzhou,23.48,111.32,83.28,76,100,2.19,CN,1595809500
502,Talara,-4.58,-81.27,63.21,87,6,15.3,PE,1595809500
503,Bubaque,11.28,-15.83,78.24,85,100,8.59,GW,1595809500
504,Sibolga,1.74,98.78,77.2,75,99,3.4,ID,1595809501
505,Belaya Gora,68.53,146.42,68.31,53,69,10.07,RU,1595809501
506,Akdepe,42.06,59.38,73.4,64,1,9.86,TM,1595809501
507,Kamenka,51.32,42.77,57.99,64,5,4.0,RU,1595809502
508,Aloleng,16.13,119.78,83.73,76,60,4.14,PH,1595809502
509,Fareydūnshahr,32.94,50.12,61.03,40,38,3.47,IR,1595809502
510,Gunjur,13.2,-16.73,80.6,94,40,7.02,GM,1595809503
511,Sohag,26.56,31.69,86.0,33,0,11.41,EG,1595809503
512,Sangar,63.92,127.47,65.64,64,82,1.9,RU,1595809503
513,Cabanbanan,14.24,121.43,87.01,83,17,3.36,PH,1595809503
514,Zavoronezhskoye,52.88,40.55,58.62,73,10,5.59,RU,1595809503
515,Raton,36.9,-104.44,73.99,46,75,9.17,US,1595809376
516,Beberibe,-4.18,-38.13,78.8,74,75,19.46,BR,1595809418
517,Alofi,-19.06,-169.92,71.6,100,47,9.17,NU,1595809426
518,Pangai,-19.8,-174.35,77.0,73,40,13.87,TO,1595809504
519,Tuatapere,-46.13,167.68,39.0,83,0,3.0,NZ,1595809504
520,Guadalupe Victoria,32.29,-115.11,105.8,12,5,2.24,MX,1595809504
521,Egvekinot,66.32,-179.17,63.36,71,58,7.58,RU,1595809504
522,Lady Frere,-31.7,27.23,47.71,75,65,2.89,ZA,1595809504
523,Aripuanã,-9.17,-60.63,78.42,47,18,2.21,BR,1595809504
524,Tandil,-37.32,-59.13,50.0,62,95,1.01,AR,1595809232
525,Ürümqi,43.8,87.6,78.8,34,37,8.95,CN,1595809505
526,Alice Springs,-23.7,133.88,55.4,54,0,5.82,AU,1595809505
527,Faanui,-16.48,-151.75,79.2,80,54,18.19,PF,1595809505
528,Port Shepstone,-30.74,30.45,60.82,84,84,16.35,ZA,1595809505
529,Altamira,-3.2,-52.21,77.56,55,0,1.79,BR,1595809505
530,Talisayan,6.99,121.93,77.0,100,90,1.12,PH,1595809505
531,Mirny,62.54,113.96,59.0,67,1,6.71,RU,1595809506
532,Maïné Soroa,13.21,12.02,77.94,66,100,21.3,NE,1595809506
533,Eureka,40.8,-124.16,63.0,77,90,6.93,US,1595809506
534,Adrar,20.5,-10.07,93.92,28,6,9.1,MR,1595809507
535,Revelstoke,50.98,-118.2,71.6,60,1,4.7,CA,1595809507
536,Udachny,66.42,112.4,37.4,86,90,8.95,RU,1595809507
537,Tres Arroyos,-38.37,-60.28,49.73,61,97,11.39,AR,1595809508
538,Los Alamos,35.89,-106.31,64.4,82,90,6.93,US,1595809508
539,Saint Anthony,45.02,-93.22,84.2,58,20,12.75,US,1595809508
540,Thaba-Tseka,-29.52,28.61,31.51,84,0,2.8,LS,1595809508
541,Kerema,-7.96,145.78,81.25,81,61,1.86,PG,1595809508
542,Birin,26.89,88.07,78.8,94,93,3.36,NP,1595809508
543,Yeppoon,-23.13,150.73,66.2,45,0,6.93,AU,1595809508
544,Lompoc,34.64,-120.46,70.0,64,8,13.87,US,1595809440
545,Misratah,32.38,15.09,77.85,78,0,5.44,LY,1595809510
546,Aykhal,66.0,111.5,37.4,86,90,8.95,RU,1595809510
547,Uusikaupunki,60.8,21.41,57.2,76,76,5.82,FI,1595809510
548,Vila Franca do Campo,37.72,-25.43,69.8,88,75,5.82,PT,1595809511
549,Daru,-9.08,143.21,78.84,86,91,15.23,PG,1595809511
550,Sambava,-14.27,50.17,68.43,88,100,15.05,MG,1595809511
551,Salinópolis,-0.61,-47.36,79.23,81,17,8.75,BR,1595809511
552,Baturaja,-4.13,104.17,71.44,92,28,2.68,ID,1595809511
553,Ferme-Neuve,46.7,-75.45,74.14,93,54,5.37,CA,1595809512
554,Anito,12.45,125.29,84.6,72,29,1.23,PH,1595809512
555,Lamu,-2.27,40.9,76.08,80,19,17.45,KE,1595809512
556,Arrifes,37.77,-25.7,69.8,88,75,5.82,PT,1595809512
557,Tigil',57.8,158.67,65.73,51,0,7.56,RU,1595809512
558,Panama City,8.99,-79.52,78.8,94,40,3.36,PA,1595809365
559,Cayenne,4.93,-52.33,77.0,100,20,2.24,GF,1595809397
560,Trélazé,47.45,-0.47,60.01,82,1,2.24,FR,1595809513
561,Saiha,22.48,92.97,74.53,94,100,0.87,IN,1595809513
562,Cassilândia,-19.11,-51.73,70.48,47,0,2.71,BR,1595809513
563,Suvorovo,43.33,27.6,71.6,73,16,12.75,BG,1595809513
564,Lake Cowichan,48.83,-124.05,86.0,33,5,9.17,CA,1595809513
565,Xai-Xai,-25.05,33.64,61.27,76,0,4.88,MZ,1595809513
566,Hofn,64.25,-15.21,48.36,68,100,9.01,IS,1595809020
567,Owerri,5.48,7.03,75.2,100,75,3.69,NG,1595809513
568,Foki,56.69,54.35,51.91,94,56,5.28,RU,1595809514
569,Bud,39.45,-86.18,86.0,62,1,6.93,US,1595809514
570,Tashtyp,52.79,89.9,57.6,84,88,8.66,RU,1595809514
571,Karla,59.37,24.93,59.0,82,55,6.93,EE,1595809514
572,Amapá,1.0,-52.0,72.64,93,52,0.83,BR,1595809514
573,Kenai,60.55,-151.26,63.0,59,1,11.41,US,1595809317
574,Turan,16.07,108.22,82.4,74,20,2.24,VN,1595809241
575,Strai,58.2,7.9,57.99,87,41,5.82,NO,1595809514
576,Kendari,-3.94,122.5,76.24,87,64,3.24,ID,1595809334
577,Minna,9.61,6.56,73.92,92,83,5.3,NG,1595809515
578,Grand Gaube,-20.01,57.66,70.0,70,99,8.99,MU,1595809515
579,Akureyri,65.68,-18.09,44.6,81,90,9.17,IS,1595809515
580,Xining,36.62,101.77,60.96,49,52,3.38,CN,1595809515
581,Nangomba,-10.9,38.5,66.87,76,85,4.5,TZ,1595809515
582,Boa Vista,2.82,-60.67,80.6,78,40,3.36,BR,1595809414
